cohort	consequence	enrichment	lower	upper
UKBB	pLoF	40.214422895475	25.6004157127008	56.6129699945793
UKBB	Missense	18.6780210868566	17.1967794394635	20.1363218608662
UKBB	Synonymous	2.71497660231857	1.96975920347632	3.51896057460861
UKBB	UTR5	8.62214676283051	5.95549971062487	11.5348337600744
UKBB	UTR3	3.40008255519584	2.60516185945495	4.23769592871908
UKBB	Promoter	2.95896519064768	2.6679565472577	3.26998220901864
UKBB	CRE	2.06518979608285	1.92596337181955	2.20210901703119
UKBB	Non-genic	0.420596618363897	0.397231312803675	0.443940671303993
