cohort	consequence	enrichment	lower	upper
BBJ	pLoF	121.93162616237	35.7948880937236	217.563595695199
BBJ	Missense	39.0494593596831	32.2359647848486	45.9696968726131
BBJ	Synonymous	2.91159437993289	0.723138136290428	6.47372431570423
BBJ	UTR5	10.272909013575	2.95056858142979	18.9392357613908
BBJ	UTR3	4.03539485609341	2.16664684340392	6.49140435984384
BBJ	Promoter	2.17155686944214	1.51065285078167	2.8908719347461
BBJ	CRE	1.60532102651263	1.30785988977432	1.92235084970416
BBJ	Non-genic	0.384849016510129	0.323845320734276	0.445789706887041
