cohort	variant	rsid	gene_most_severe	most_severe	AF_pop	AF_ref	enrichment	max_pip	pip09_traits
BBJ	1:55783748:A:T	rs562663725	NA	Regulatory region	0.0067541	NA	Inf	0.99998	LDLC
BBJ	1:152201387:C:T	rs187068709	HRNR	Upstream gene	0.01758	NA	Inf	0.91066	AD
FG	2:143746847:C:T	rs1345227474	KYNU	Intron	0.0054692	NA	Inf	0.98149	Diverticulosis
FG	3:128066878:G:A	rs189963891	EEFSEC	Intron	0.037687	0.00027691	136.1	0.96202	PrC
FG	4:74512280:G:A	rs573930512	NA	Intergenic	0.016983	0.00064599	26.29	0.92275	Statin
FG	6:113417069:A:G	rs1472650859	NA	Intergenic	0.0017271	9.2234e-05	18.725	0.99145	T2D
FG	7:5436753:C:T	rs748670681	TNRC18	Intron	0.042388	0.00036907	114.85	1	IBD, UC, Psoriasis, CD, AID
FG	7:140060778:A:C	rs561968868	SLC37A3	Intron	0.0037399	NA	Inf	0.95283	Hypertension
BBJ	9:109463806:C:T	rs80311040	NA	Regulatory region	0.02499	0.0012837	19.467	0.99894	Height
FG	10:47731927:G:A	rs1569511976	CTGLF11P	Downstream gene	0.0055104	NA	Inf	0.98542	Benign_Neoplasms
FG	10:71314706:G:C	rs537982442	NA	Intergenic	0.043728	0.0019391	22.551	1	T2D
FG	11:627276:C:T	rs540205414	CDHR5	Upstream gene	0.013522	0.00037707	35.86	0.99983	T2D
FG	11:57401674:C:T	rs1424077902	AP000662.4	Upstream gene	0.0040276	NA	Inf	0.98991	RA
FG	16:27586292:TC:T	rs77720639	KIAA0556	Intron	0.039838	0.0015738	25.314	0.99879	AID, Hypothyroidism
FG	17:4692640:G:T	rs79202680	GLTPD2	Intron	0.039747	0.003876	10.255	0.99608	Statin
BBJ	17:16839636:C:T	rs151083314	TBC1D27	Downstream gene	0.037431	0.0012837	29.159	0.91523	AG
BBJ	17:56307363:C:A	rs536070968	NA	Intergenic	0.010809	NA	Inf	0.90462	Eosino
FG	17:74717295:C:A	rs531758394	JMJD6	Intron	0.017549	0.00064599	27.166	0.99998	Height
FG	18:48776615:T:A	rs1243716756	NA	Regulatory region	0.00086306	NA	Inf	0.98576	Hypertension
FG	19:11310456:C:G	rs1320728600	DOCK6	Intron	0.0040299	NA	Inf	0.9235	Hypertension
BBJ	19:49217417:C:T	rs137857137	MAMSTR	Intron	0.068617	0.00064103	107.04	1	ALP
FG	22:43478550:C:T	rs954957419	TTLL1	Intron	0.0040509	0.00018467	21.936	0.97517	PrC
FG	X:107737853:A:G	rs1415878748	COL4A5	Intron	0.0066061	NA	Inf	0.9682	Parkinsons
