cohort	consequence	enrichment	lower	upper
FG	pLoF	96.460106635446	31.7109461754311	180.874335958544
FG	Missense	31.3413321643035	24.4266825286613	38.6056274357623
FG	Synonymous	4.3549915355329	0.870944039944431	7.93120648585095
FG	UTR5	6.75358262836482	1.67406284053752	13.6275367970301
FG	UTR3	2.2060573374831	0.733283192211145	4.04506722892738
FG	Promoter	1.81118806851602	1.18418562872537	2.50721286211269
FG	CRE	1.81573683811306	1.46218082886126	2.16948706508854
FG	Non-genic	0.478751866205161	0.407808656878684	0.549693957091401
